Activity Type,Date,Favorite,Title,Distance,Calories,Time,Avg HR,Max HR,Aerobic TE,Avg Run Cadence,Max Run Cadence,Avg Pace,Best Pace,Elev Gain,Elev Loss,Avg Stride Length,Avg Vertical Ratio,Avg Vertical Oscillation,Training Stress ScoreÂ®,Grit,Flow,Bottom Time,Min Water Temp,Surface Interval,Decompression
running,2018-12-27 08:47:00,false,"Westwood Running","10.07","516","00:44:33","167","189","3.5","167","177","04:25","03:10","68","68","1.29","0","0","0","0","0","00:00","13","00:00","No"
running,2018-12-23 15:40:00,false,"Westwood Running","8.78","435","00:39:17","165","183","3.2","166","181","04:28","03:46","66","74","1.29","0","0","0","0","0","00:00","12","00:00","No"
running,2018-12-19 17:59:00,false,"Hollywood Running","7.6","370","00:32:29","173","206","3.4","168","173","04:16","03:47","63","59","1.33","0","0","0","0","0","00:00","15","00:00","No"
running,2018-12-19 06:20:00,false,"Westwood Running","7.06","329","00:30:04","170","181","3.2","170","176","04:15","03:36","48","54","1.33","0","0","0","0","0","00:00","16","00:00","No"
running,2018-12-14 17:52:00,false,"Hollywood Running","6.52","295","00:27:39","169","190","3.1","168","181","04:14","03:24","46","33","1.35","0","0","0","0","0","00:00","8","00:00","No"
running,2018-12-14 06:16:00,false,"Westwood Running","6.46","217","00:28:35","139","150","1.6","170","212","04:25","04:03","35","43","1.28","0","0","0","0","0","00:00","9","00:00","No"
running,2018-12-12 17:46:00,false,"Hollywood Running","7.55","375","00:32:47","173","202","3.3","169","174","04:20","03:54","68","63","1.3","0","0","0","0","0","00:00","11","00:00","No"
running,2018-12-12 06:15:00,false,"Westwood Running","7.07","337","00:31:31","167","196","3.1","170","173","04:27","03:35","51","59","1.27","0","0","0","0","0","00:00","16","00:00","No"
running,2018-12-10 17:37:00,false,"Hollywood Running","7.58","366","00:32:47","169","186","3.2","167","179","04:19","03:23","61","57","1.33","0","0","0","0","0","00:00","17","00:00","No"
running,2018-12-10 06:16:00,false,"Westwood Running","7.08","334","00:31:05","166","195","3","168","174","04:23","03:55","47","57","1.3","0","0","0","0","0","00:00","16","00:00","No"
running,2018-12-07 17:53:00,false,"Hollywood Running","7.11","287","00:31:28","148","163","2.3","167","172","04:25","03:56","56","52","1.29","0","0","0","0","0","00:00","14","00:00","No"
running,2018-12-07 06:09:00,false,"Westwood Running","7.07","338","00:31:52","165","174","3","167","179","04:30","03:50","56","59","1.27","0","0","0","0","0","00:00","18","00:00","No"
running,2018-12-03 17:37:00,false,"Hollywood Running","7.09","344","00:31:15","171","221","3.2","168","173","04:24","03:44","50","53","1.29","0","0","0","0","0","00:00","16","00:00","No"
running,2018-12-03 06:18:00,false,"Westwood Running","7.04","332","00:31:44","163","177","3.1","168","175","04:30","03:47","54","57","1.27","0","0","0","0","0","00:00","18","00:00","No"
running,2018-11-30 17:57:00,false,"Hollywood Running","7.08","342","00:31:41","170","192","3.2","164","175","04:28","03:42","55","50","1.29","0","0","0","0","0","00:00","14","00:00","No"
running,2018-11-30 06:16:00,false,"Westwood Running","7.05","337","00:32:01","166","175","3.1","168","174","04:32","03:51","51","60","1.26","0","0","0","0","0","00:00","15","00:00","No"
running,2018-11-28 16:37:00,false,"Hollywood Running","6.49","304","00:29:28","167","192","3.1","167","177","04:32","04:00","46","41","1.27","0","0","0","0","0","00:00","18","00:00","No"
running,2018-11-28 06:15:00,false,"Westwood Running","7.06","338","00:31:43","169","216","3.2","168","172","04:29","03:59","46","54","1.27","0","0","0","0","0","00:00","16","00:00","No"
running,2018-11-23 17:39:00,false,"Hollywood Running","9.84","458","00:45:01","158","181","3.1","168","174","04:34","03:56","74","67","1.25","0","0","0","0","0","00:00","14","00:00","No"
running,2018-11-23 06:17:00,false,"Westwood Running","7.11","285","00:32:10","149","162","2.5","168","177","04:31","04:05","51","59","1.26","0","0","0","0","0","00:00","12","00:00","No"
running,2018-11-20 17:32:00,false,"Hollywood Running","7.1","249","00:32:15","141","151","2","165","174","04:32","03:42","56","52","1.28","0","0","0","0","0","00:00","16","00:00","No"
running,2018-11-20 06:15:00,false,"Westwood Running","6.49","300","00:30:14","163","177","3","167","172","04:39","03:51","39","45","1.24","0","0","0","0","0","00:00","15","00:00","No"
running,2018-11-19 12:38:00,false,"Hollywood Running","6.48","333","00:34:11","164","212","3.1","158","178","05:16","03:56","58","52","1.16","0","0","0","0","0","00:00","13","00:00","No"
running,2018-11-18 07:09:00,false,"Westwood Running","12.78","622","01:03:22","156","173","2.7","165","174","04:57","04:01","97","105","1.18","0","0","0","0","0","00:00","11","00:00","No"
running,2018-11-16 17:46:00,false,"Hollywood Running","8.01","382","00:36:07","165","181","3.4","167","174","04:30","03:55","70","66","1.28","0","0","0","0","0","00:00","16","00:00","No"
running,2018-11-16 06:10:00,false,"Westwood Running","6.45","302","00:29:24","166","178","3.2","167","173","04:33","03:50","35","46","1.26","0","0","0","0","0","00:00","18","00:00","No"
running,2018-11-14 17:27:00,false,"Hollywood Running","7.17","350","00:32:27","169","182","3.3","165","178","04:31","03:49","49","41","1.29","0","0","0","0","0","00:00","19","00:00","No"
running,2018-11-14 06:12:00,false,"Westwood Running","7.08","357","00:32:23","170","182","3.4","166","173","04:34","03:48","51","58","1.26","0","0","0","0","0","00:00","20","00:00","No"
running,2018-11-12 17:39:00,false,"Hollywood Running","7.1","347","00:32:00","169","183","3.5","166","172","04:30","03:34","55","49","1.29","0","0","0","0","0","00:00","18","00:00","No"
running,2018-11-12 06:20:00,false,"Westwood Running","5.95","292","00:28:19","169","185","3.2","164","185","04:45","03:47","54","59","1.22","0","0","0","0","0","00:00","19","00:00","No"
running,2018-10-29 18:16:00,false,"Hollywood Running","7.06","285","00:30:39","151","169","2.5","167","175","04:20","03:37","60","51","1.32","0","0","0","0","0","00:00","12","00:00","No"
running,2018-10-29 06:13:00,false,"Westwood Running","5.97","273","00:27:31","163","175","3","167","191","04:36","04:01","54","59","1.25","0","0","0","0","0","00:00","12","00:00","No"
running,2018-10-26 17:58:00,false,"Hollywood Running","7.01","334","00:31:01","166","181","3.1","166","178","04:25","03:38","39","33","1.3","0","0","0","0","0","00:00","14","00:00","No"
running,2018-10-26 06:12:00,false,"Westwood Running","6.42","307","00:28:12","170","184","3.1","170","181","04:23","03:36","35","42","1.28","0","0","0","0","0","00:00","15","00:00","No"
running,2018-10-22 17:38:00,false,"Hollywood Running","7.02","326","00:30:36","164","189","3.1","166","177","04:21","03:38","40","32","1.32","0","0","0","0","0","00:00","15","00:00","No"
running,2018-10-22 06:18:00,false,"Westwood Running","6.38","292","00:28:14","163","184","2.9","170","177","04:25","03:56","36","46","1.28","0","0","0","0","0","00:00","9","00:00","No"
running,2018-10-19 17:54:00,false,"Hollywood Running","7.01","331","00:31:08","162","187","2.9","167","175","04:26","03:38","42","36","1.3","0","0","0","0","0","00:00","17","00:00","No"
running,2018-10-19 09:38:00,false,"Westwood Running","7.17","330","00:31:08","161","177","3","170","185","04:20","03:25","54","90","1.3","0","0","0","0","0","00:00","12","00:00","No"
running,2018-10-19 08:53:00,false,"Westwood Running","3.26","106","00:14:45","158","172","2","168","175","04:31","03:46","35","1","1.26","0","0","0","0","0","00:00","16","00:00","No"
running,2018-10-14 10:07:00,false,"Westwood Running","11.92","514","00:49:34","161","240","3.2","169","191","04:09","03:01","39","87","1.36","0","0","0","0","0","00:00","12","00:00","No"
running,2018-10-10 17:23:00,false,"Hollywood Running","6.98","342","00:30:46","171","196","3.2","168","175","04:24","03:48","49","39","1.3","0","0","0","0","0","00:00","23","00:00","No"
running,2018-10-10 06:21:00,false,"Westwood Running","5.9","275","00:26:59","166","181","3","169","177","04:34","04:06","53","62","1.24","0","0","0","0","0","00:00","16","00:00","No"
running,2018-10-08 17:23:00,false,"Hollywood Running","8.37","426","00:36:37","172","183","3.4","169","174","04:22","03:43","68","60","1.3","0","0","0","0","0","00:00","20","00:00","No"
running,2018-10-08 06:16:00,false,"Westwood Running","5.99","281","00:27:18","166","179","3","170","177","04:33","04:00","54","62","1.24","0","0","0","0","0","00:00","15","00:00","No"
running,2018-10-07 08:15:00,false,"Westwood Running","12.68","653","01:02:01","156","171","3.1","165","175","04:53","04:06","87","92","1.19","0","0","0","0","0","00:00","10","00:00","No"
running,2018-10-05 18:05:00,false,"Hollywood Running","7.15","346","00:31:52","165","178","3.1","167","175","04:27","03:56","50","41","1.29","0","0","0","0","0","00:00","19","00:00","No"
running,2018-10-05 09:31:00,false,"Westwood Running","7.07","349","00:30:49","172","187","3.3","167","185","04:21","03:50","35","73","1.31","0","0","0","0","0","00:00","17","00:00","No"
running,2018-10-05 08:51:00,false,"Westwood Running","3.29","111","00:14:56","163","174","2.1","168","173","04:32","04:05","30","1","1.26","0","0","0","0","0","00:00","19","00:00","No"
running,2018-09-30 07:35:00,false,"Westwood Running","11.99","584","00:56:39","155","168","3","165","174","04:43","03:23","94","93","1.24","0","0","0","0","0","00:00","13","00:00","No"
running,2018-09-26 17:36:00,false,"Hollywood Running","7.19","350","00:30:58","173","189","3.2","167","188","04:18","03:41","46","36","1.33","0","0","0","0","0","00:00","21","00:00","No"
running,2018-09-26 06:14:00,false,"Westwood Running","5.79","266","00:25:54","167","181","3","169","183","04:28","03:56","38","50","1.27","0","0","0","0","0","00:00","15","00:00","No"
running,2018-09-24 17:46:00,false,"Hollywood Running","7.04","338","00:29:59","174","202","3.2","166","177","04:15","03:40","43","33","1.35","0","0","0","0","0","00:00","17","00:00","No"
running,2018-09-24 06:16:00,false,"Westwood Running","5.72","266","00:27:13","161","171","2.9","166","182","04:45","03:51","38","50","1.21","0","0","0","0","0","00:00","9","00:00","No"
running,2018-09-17 17:20:00,false,"Hollywood Running","6.54","304","00:28:10","170","182","3.1","166","180","04:18","03:03","49","39","1.34","0","0","0","0","0","00:00","23","00:00","No"
running,2018-09-17 06:14:00,false,"Westwood Running","7.06","342","00:30:32","171","181","3.3","168","174","04:19","03:41","50","58","1.32","0","0","0","0","0","00:00","20","00:00","No"
running,2018-09-14 17:16:00,false,"Hollywood Running","8.37","424","00:36:12","172","184","3.5","168","179","04:19","03:37","66","57","1.32","0","0","0","0","0","00:00","19","00:00","No"
running,2018-09-14 06:06:00,false,"Westwood Running","5.77","259","00:25:15","166","178","3","167","177","04:22","03:39","38","50","1.31","0","0","0","0","0","00:00","15","00:00","No"
running,2018-09-11 16:43:00,false,"Hollywood Running","6.49","262","00:27:51","153","175","2.6","164","174","04:17","03:18","38","33","1.36","0","0","0","0","0","00:00","21","00:00","No"
running,2018-09-10 07:18:00,false,"Westwood Running","7.9","388","00:34:34","168","179","3.3","166","177","04:22","03:31","42","45","1.32","0","0","0","0","0","00:00","15","00:00","No"
running,2018-09-08 15:37:00,false,"Westwood Running","6.18","272","00:25:48","172","181","3.1","165","179","04:10","03:06","45","44","1.39","0","0","0","0","0","00:00","19","00:00","No"
running,2018-09-02 09:00:00,false,"Westwood Running","22.64",""1"""",""359""","01:39:03"""","180","188","5","168","187","04:22","03:03","169","167","1.31","0","0","0","0","0","00:00","21","00:00","No"
running,2018-08-30 17:34:00,false,"Hollywood Running","8.36","419","00:35:02","174","196","3.5","170","175","04:11","03:36","66","57","1.34","0","0","0","0","0","00:00","20","00:00","No"
running,2018-08-30 06:18:00,false,"Westwood Running","5.8","262","00:25:46","165","179","2.9","169","176","04:26","03:43","38","50","1.28","0","0","0","0","0","00:00","13","00:00","No"
running,2018-08-28 16:54:00,false,"Hollywood Running","7.21","352","00:31:04","173","186","3.3","169","183","04:18","03:29","41","32","1.32","0","0","0","0","0","00:00","19","00:00","No"
running,2018-08-28 06:17:00,false,"Westwood Running","5.92","271","00:26:41","165","177","3","168","185","04:30","03:58","36","52","1.27","0","0","0","0","0","00:00","15","00:00","No"
running,2018-08-24 07:38:00,false,"Longsight Running","13.56","836","01:11:04","166","183","3.7","158","212","05:14","03:27","214","304","1.16","0","0","0","0","0","00:00","15","00:00","No"
running,2018-08-21 07:23:00,false,"Longsight Running","13.39","715","01:03:56","161","181","3.1","166","188","04:46","03:01","83","86","1.21","0","0","0","0","0","00:00","18","00:00","No"
running,2018-08-19 06:41:00,false,"Westwood Running","12.13","643","00:52:03","168","193","3.9","168","177","04:17","03:41","73","74","1.33","0","0","0","0","0","00:00","19","00:00","No"
running,2018-08-17 06:38:00,false,"Westwood Running","17.41","727","01:31:15","142","155","2.4","163","169","05:14","04:07","119","124","1.13","0","0","0","0","0","00:00","15","00:00","No"
running,2018-08-14 06:41:00,false,"Westwood Running","12.73","666","00:56:32","164","175","3.6","166","175","04:26","03:44","86","88","1.3","0","0","0","0","0","00:00","18","00:00","No"
running,2018-08-12 07:22:00,false,"Westwood Running","12.14","631","00:53:43","163","184","3.5","167","172","04:25","03:44","70","68","1.3","0","0","0","0","0","00:00","17","00:00","No"
running,2018-08-09 17:01:00,false,"Hollywood Running","8.39","386","00:35:43","161","180","3.2","165","179","04:15","03:47","57","47","1.36","0","0","0","0","0","00:00","20","00:00","No"
running,2018-08-09 06:20:00,false,"Westwood Running","5.79","266","00:26:52","163","173","3","165","174","04:38","03:53","36","48","1.25","0","0","0","0","0","00:00","16","00:00","No"
running,2018-08-07 17:29:00,false,"Hollywood Running","7.09","327","00:30:11","168","182","3.3","166","175","04:15","03:31","39","27","1.35","0","0","0","0","0","00:00","26","00:00","No"
running,2018-08-07 06:18:00,false,"Westwood Running","5.99","243","00:25:06","161","178","3","167","185","04:11","03:48","32","45","1.36","0","0","0","0","0","00:00","17","00:00","No"
running,2018-08-03 18:36:00,false,"Hollywood Running","8.37","403","00:36:20","170","183","3.7","166","173","04:20","03:25","61","50","1.33","0","0","0","0","0","00:00","24","00:00","No"
running,2018-08-03 06:21:00,false,"Westwood Running","5.86","250","00:25:50","165","179","3.1","167","175","04:24","04:05","34","52","1.3","0","0","0","0","0","00:00","18","00:00","No"
running,2018-08-01 18:51:00,false,"Hollywood Running","7.42","329","00:32:50","162","181","3.3","167","175","04:25","03:38","51","37","1.3","0","0","0","0","0","00:00","21","00:00","No"
running,2018-08-01 06:20:00,false,"Westwood Running","5.81","208","00:26:23","145","160","2.3","168","177","04:32","03:58","33","51","1.25","0","0","0","0","0","00:00","15","00:00","No"
running,2018-07-30 17:06:00,false,"Hollywood Running","6.96","263","00:30:06","149","179","2.9","166","175","04:19","03:46","41","31","1.33","0","0","0","0","0","00:00","20","00:00","No"
running,2018-07-26 11:30:00,false,"Westwood Running","10.29","480","00:48:58","155","184","3.3","159","176","04:45","03:31","82","73","1.27","0","0","0","0","0","00:00","27","00:00","No"
running,2018-07-26 11:28:00,false,"Westwood Running","1.76","10","00:06:46","141","150","0.2","163","175","03:50","03:34","--","3","1.52","0","0","0","0","0","00:00","31","00:00","No"
running,2018-07-24 19:07:00,false,"Hollywood Running","8.37","288","00:36:20","141","157","2.1","167","173","04:20","03:51","66","61","1.32","0","0","0","0","0","00:00","23","00:00","No"
running,2018-07-24 06:15:00,false,"Westwood Running","5.87","189","00:25:17","141","161","2","167","175","04:18","03:53","34","49","1.33","0","0","0","0","0","00:00","20","00:00","No"
running,2018-07-20 17:09:00,false,"Hollywood Running","8.24","303","00:36:03","144","158","2.2","168","175","04:22","03:28","67","30","1.3","0","0","0","0","0","00:00","21","00:00","No"
running,2018-07-20 06:16:00,false,"Westwood Running","5.76","195","00:26:21","141","152","2","168","181","04:34","03:51","41","52","1.25","0","0","0","0","0","00:00","17","00:00","No"
running,2018-07-16 16:22:00,false,"Hollywood Running","7.05","281","00:30:29","151","169","2.6","167","175","04:19","03:48","39","29","1.33","0","0","0","0","0","00:00","26","00:00","No"
running,2018-07-16 06:14:00,false,"Westwood Running","5.83","185","00:26:34","136","150","1.6","164","228","04:33","03:59","39","49","1.28","0","0","0","0","0","00:00","18","00:00","No"
running,2018-07-13 17:17:00,false,"Hollywood Running","7.05","216","00:30:22","135","158","1.8","166","175","04:18","03:45","37","28","1.34","0","0","0","0","0","00:00","24","00:00","No"
running,2018-07-13 06:15:00,false,"Westwood Running","5.8","187","00:26:20","139","160","1.9","162","174","04:32","04:02","38","50","1.31","0","0","0","0","0","00:00","17","00:00","No"
running,2018-07-11 17:36:00,false,"Hollywood Running","6.92","273","00:30:44","150","165","2.5","165","179","04:26","03:34","42","33","1.31","0","0","0","0","0","00:00","23","00:00","No"
running,2018-07-11 06:14:00,false,"Westwood Running","6.08","244","00:27:43","152","174","2.6","165","174","04:33","03:35","53","63","1.28","0","0","0","0","0","00:00","16","00:00","No"
running,2018-07-06 18:11:00,false,"Hollywood Running","8.35","325","00:37:55","146","159","2.3","167","175","04:32","03:48","68","34","1.26","0","0","0","0","0","00:00","25","00:00","No"
running,2018-07-06 06:15:00,false,"Westwood Running","6.09","214","00:27:21","145","159","2.1","167","177","04:29","03:59","53","62","1.28","0","0","0","0","0","00:00","19","00:00","No"
running,2018-07-02 17:37:00,false,"Hollywood Running","7.18","276","00:31:53","148","163","2.3","166","177","04:26","03:18","43","37","1.3","0","0","0","0","0","00:00","26","00:00","No"
running,2018-07-02 06:18:00,false,"Westwood Running","6.03","204","00:27:47","140","153","2","164","172","04:36","03:53","57","64","1.27","0","0","0","0","0","00:00","19","00:00","No"
running,2018-06-29 17:36:00,false,"Hollywood Running","6.53","337","00:30:05","166","182","3.6","165","171","04:36","04:07","42","33","1.27","0","0","0","0","0","00:00","26","00:00","No"
running,2018-06-29 06:13:00,false,"Westwood Running","6.07","290","00:29:05","152","180","3.2","164","177","04:47","03:49","56","61","1.23","0","0","0","0","0","00:00","16","00:00","No"
running,2018-06-28 18:05:00,false,"Hollywood Running","7.21","328","00:32:01","149","177","3.3","165","175","04:26","03:46","44","35","1.31","0","0","0","0","0","00:00","26","00:00","No"
running,2018-06-28 06:13:00,false,"Westwood Running","6.03","292","00:29:36","152","166","3.2","164","179","04:54","03:57","56","59","1.2","0","0","0","0","0","00:00","16","00:00","No"
running,2018-06-26 21:00:00,false,"Westwood Running","5.8","270","00:27:13","153","174","3.2","161","171","04:41","01:42","36","35","1.27","0","0","0","0","0","00:00","23","00:00","No"
running,2018-06-25 17:49:00,false,"Hollywood Running","6.48","289","00:28:01","152","185","3.3","165","173","04:19","03:39","38","32","1.34","0","0","0","0","0","00:00","26","00:00","No"
running,2018-06-25 06:16:00,false,"Westwood Running","6.05","271","00:28:59","144","161","3","162","170","04:47","04:04","51","61","1.24","0","0","0","0","0","00:00","18","00:00","No"
running,2018-06-14 08:54:00,false,"Westwood Running","5.35","177","00:23:40","130","151","1.8","163","177","04:25","03:17","34","35","1.32","0","0","0","0","0","00:00","19","00:00","No"
running,2018-06-11 18:03:00,false,"Hollywood Running","7.19","297","00:32:03","140","184","2.8","164","173","04:27","03:32","47","41","1.31","0","0","0","0","0","00:00","23","00:00","No"
running,2018-06-11 06:25:00,false,"Westwood Running","6.07","281","00:28:04","155","166","3.1","165","174","04:37","03:47","54","64","1.26","0","0","0","0","0","00:00","15","00:00","No"
running,2018-06-09 07:52:00,false,"Westwood Running","8.89","504","00:40:13","173","187","4.5","165","175","04:31","03:37","67","68","1.28","0","0","0","0","0","00:00","17","00:00","No"
running,2018-05-31 07:02:00,false,"Hollywood Running","9.92","532","00:47:02","155","184","3.5","162","179","04:44","03:29","9","15","1.25","0","0","0","0","0","00:00","23","00:00","No"
running,2018-05-12 17:31:00,false,"Westwood Running","6.76","319","00:32:17","147","159","2.9","160","168","04:46","04:01","44","45","1.26","0","0","0","0","0","00:00","17","00:00","No"
running,2018-05-10 12:38:00,false,"Hollywood Running","7.31","370","00:33:05","161","189","3.6","161","173","04:31","04:04","55","62","1.31","0","0","0","0","0","00:00","18","00:00","No"
running,2018-05-04 17:42:00,false,"Hollywood Running","7.17","368","00:32:12","164","184","3.8","164","173","04:29","03:51","46","42","1.3","0","0","0","0","0","00:00","18","00:00","No"
running,2018-05-04 06:00:00,false,"Westwood Running","6.95","330","00:32:02","152","166","3.2","166","237","04:36","04:04","37","55","1.25","0","0","0","0","0","00:00","15","00:00","No"
running,2018-04-30 06:34:00,false,"Longsight Running","10.03","572","00:48:13","163","177","4.1","165","176","04:48","03:57","123","113","1.21","0","0","0","0","0","00:00","13","00:00","No"
running,2018-04-29 07:17:00,false,"Westwood Running","8.81","439","00:41:02","151","163","3.3","165","171","04:39","03:53","68","68","1.25","0","0","0","0","0","00:00","13","00:00","No"
running,2018-04-19 07:34:00,false,"Westwood Running","8.9","466","00:40:52","158","187","3.8","167","185","04:35","03:50","49","49","1.25","0","0","0","0","0","00:00","17","00:00","No"
running,2018-04-14 07:16:00,false,"Westwood Running","12.5","737","00:58:26","166","179","4.9","165","172","04:40","00:42","89","92","1.24","0","0","0","0","0","00:00","13","00:00","No"
running,2018-04-11 18:07:00,false,"Hollywood Running","6.98","334","00:31:21","154","176","3.3","166","171","04:29","03:58","52","50","1.29","0","0","0","0","0","00:00","12","00:00","No"
running,2018-04-11 06:17:00,false,"Westwood Running","7.09","343","00:32:05","153","165","3.3","167","177","04:31","03:53","49","61","1.27","0","0","0","0","0","00:00","13","00:00","No"
running,2018-04-08 15:23:00,false,"Westwood Running","8.82","447","00:40:03","155","169","3.7","164","173","04:32","03:43","66","67","1.29","0","0","0","0","0","00:00","12","00:00","No"
running,2018-04-07 18:52:00,false,"Westwood Running","5.41","220","00:24:02","146","158","2.7","161","173","04:26","03:23","33","34","1.34","0","0","0","0","0","00:00","14","00:00","No"
running,2018-03-11 07:20:00,false,"Westwood Running","22.71",""1"""",""399""","01:45:47"""","166","187","5","167","174","04:39","03:51","205","209","1.24","0","0","0","0","0","00:00","13","00:00","No"
running,2018-03-08 16:51:00,false,"Hollywood Running","7.06","319","00:31:28","149","166","3.1","167","173","04:27","03:59","51","51","1.29","0","0","0","0","0","00:00","11","00:00","No"
running,2018-03-08 06:11:00,false,"Westwood Running","7.13","366","00:30:57","170","184","3.8","168","181","04:20","03:37","51","61","1.31","0","0","0","0","0","00:00","16","00:00","No"
running,2018-02-28 14:05:00,false,"Hollywood Running","7.21","328","00:32:16","148","167","3.1","167","175","04:28","03:40","54","43","1.28","0","0","0","0","0","00:00","5","00:00","No"
running,2018-02-28 08:30:00,false,"Westwood Running","6.47","227","00:27:46","131","142","2.1","169","175","04:17","03:53","37","45","1.32","0","0","0","0","0","00:00","3","00:00","No"
running,2018-02-25 07:11:00,false,"Westwood Running","14.06","763","01:06:40","156","170","3.7","167","176","04:44","03:29","112","115","1.21","0","0","0","0","0","00:00","7","00:00","No"
running,2018-02-24 07:07:00,false,"Westwood Running","6.16","285","00:28:05","156","172","3.1","166","174","04:33","03:43","41","42","1.27","0","0","0","0","0","00:00","6","00:00","No"
running,2018-02-21 18:32:00,false,"Hollywood Running","7.07","289","00:31:24","140","159","2.6","167","172","04:26","03:42","57","52","1.29","0","0","0","0","0","00:00","12","00:00","No"
running,2018-02-21 06:02:00,false,"Hollywood Running","7.05","325","00:31:40","155","166","3.1","169","176","04:29","03:53","48","56","1.27","0","0","0","0","0","00:00","11","00:00","No"
running,2018-02-17 06:50:00,false,"Hollywood Running","12.45","676","00:56:07","161","170","4.1","167","172","04:30","03:26","92","93","1.28","0","0","0","0","0","00:00","7","00:00","No"
running,2018-02-11 16:23:00,false,"Hollywood Running","9.74","522","00:46:11","157","178","3.7","167","175","04:44","04:02","73","72","1.22","0","0","0","0","0","00:00","14","00:00","No"
running,2018-02-11 07:16:00,false,"Hollywood Running","9.88","537","00:47:30","157","175","3.7","166","172","04:48","04:10","67","82","1.21","0","0","0","0","0","00:00","12","00:00","No"
running,2018-02-07 19:17:00,false,"Hollywood Running","7.07","293","00:32:14","139","155","2.7","168","174","04:33","03:45","63","54","1.26","0","0","0","0","0","00:00","9","00:00","No"
running,2018-02-07 05:56:00,false,"Hollywood Running","7.1","373","00:33:26","165","178","3.6","168","175","04:42","04:00","49","57","1.22","0","0","0","0","0","00:00","9","00:00","No"
running,2018-02-05 14:50:00,false,"Hollywood Running","10.01","484","00:45:18","149","168","3.4","165","171","04:31","03:46","77","76","1.28","0","0","0","0","0","00:00","8","00:00","No"
running,2018-02-04 07:47:00,false,"Hollywood Running","14.07","787","01:06:43","158","171","4.2","167","176","04:44","03:48","115","124","1.22","0","0","0","0","0","00:00","8","00:00","No"
running,2018-02-02 11:56:00,false,"Hollywood Running","8.83","442","00:42:18","151","171","3.4","164","172","04:47","04:13","65","69","1.22","0","0","0","0","0","00:00","11","00:00","No"
running,2018-02-01 12:34:00,false,"Hollywood Running","7.25","352","00:36:04","150","186","3.2","161","175","04:58","03:35","61","67","1.2","0","0","0","0","0","00:00","12","00:00","No"
running,2018-01-31 16:07:00,false,"Hollywood Running","7.09","317","00:32:26","150","170","3.1","166","177","04:34","03:58","56","52","1.26","0","0","0","0","0","00:00","12","00:00","No"
running,2018-01-31 06:06:00,false,"Hollywood Running","7.09","353","00:33:23","163","180","3.5","167","175","04:42","04:06","51","62","1.22","0","0","0","0","0","00:00","16","00:00","No"
running,2018-01-30 18:19:00,false,"Hollywood Running","7.56","286","00:33:50","136","155","2.5","167","174","04:28","03:49","69","57","1.28","0","0","0","0","0","00:00","10","00:00","No"
running,2018-01-30 06:03:00,false,"Hollywood Running","7.1","346","00:32:22","166","183","3.7","168","179","04:33","03:54","52","60","1.25","0","0","0","0","0","00:00","8","00:00","No"
running,2018-01-28 08:07:00,false,"Hollywood Running","8.82","478","00:39:46","172","187","4.8","166","175","04:30","03:36","68","71","1.28","0","0","0","0","0","00:00","14","00:00","No"
running,2018-01-21 07:39:00,false,"Hollywood Running","8.85","441","00:41:49","160","171","4.4","166","206","04:43","03:44","68","69","1.23","0","0","0","0","0","00:00","12","00:00","No"
running,2018-01-20 07:56:00,false,"Hollywood Running","8.82","440","00:41:31","164","174","4.6","166","174","04:42","04:02","66","68","1.23","0","0","0","0","0","00:00","8","00:00","No"
running,2018-01-16 18:09:00,false,"Westwood Running","5.89","312","00:27:20","--","--","--","--","--","04:38","02:48","38","19","0","0","0","0","0","0","00:00","0","00:00","No"
running,2018-01-16 06:15:00,false,"Westwood Running","7.13","397","00:32:16","--","--","--","--","--","04:31","02:49","47","51","0","0","0","0","0","0","00:00","0","00:00","No"
running,2018-01-14 08:24:00,false,"Westwood Running","8.87","516","00:39:59","--","--","--","--","--","04:30","03:54","54","50","0","0","0","0","0","0","00:00","0","00:00","No"
running,2018-01-03 17:52:00,false,"Hollywood Running","7.09","389","00:31:36","--","--","--","--","--","04:27","03:03","50","48","0","0","0","0","0","0","00:00","0","00:00","No"
running,2018-01-01 09:24:00,false,"Westwood Running","12.7","791","00:59:09","--","--","--","--","--","04:39","00:35","93","93","0","0","0","0","0","0","00:00","0","00:00","No"
running,2017-12-24 08:03:00,false,"Westwood Running","8.93","522","00:40:15","--","--","--","--","--","04:30","03:36","55","54","0","0","0","0","0","0","00:00","0","00:00","No"
running,2017-12-15 17:59:00,false,"Hollywood Running","6.55","354","00:30:44","--","--","--","--","--","04:41","04:00","40","46","0","0","0","0","0","0","00:00","0","00:00","No"
running,2017-12-15 06:13:00,false,"Westwood Running","7.09","392","00:34:34","--","--","--","--","--","04:52","04:12","47","50","0","0","0","0","0","0","00:00","0","00:00","No"
running,2017-12-08 17:36:00,false,"Hollywood Running","7.15","400","00:33:40","--","--","--","--","--","04:42","03:48","51","47","0","0","0","0","0","0","00:00","0","00:00","No"
running,2017-12-08 06:02:00,false,"Westwood Running","6.49","352","00:30:14","--","--","--","--","--","04:39","03:37","46","49","0","0","0","0","0","0","00:00","0","00:00","No"
running,2017-11-26 15:25:00,false,"Westwood Running","12.1","747","00:57:46","--","--","--","--","--","04:46","04:15","73","69","0","0","0","0","0","0","00:00","0","00:00","No"
running,2017-11-23 12:37:00,false,"Hollywood Running","7.17","400","00:32:55","--","--","--","--","--","04:35","03:44","44","52","0","0","0","0","0","0","00:00","0","00:00","No"
running,2017-11-23 11:48:00,false,"Westwood Running","6.37","342","00:29:47","--","--","--","--","--","04:40","04:10","48","51","0","0","0","0","0","0","00:00","0","00:00","No"
running,2017-11-22 17:36:00,false,"Hollywood Running","7.62","433","00:35:52","--","--","--","--","--","04:42","04:25","52","49","0","0","0","0","0","0","00:00","0","00:00","No"
running,2017-11-22 06:09:00,false,"Westwood Running","7.86","444","00:38:58","--","--","--","--","--","04:57","04:21","54","57","0","0","0","0","0","0","00:00","0","00:00","No"
running,2017-11-21 17:57:00,false,"Hollywood Running","7.61","434","00:35:04","--","--","--","--","--","04:36","03:08","57","53","0","0","0","0","0","0","00:00","0","00:00","No"
running,2017-11-21 06:16:00,false,"Westwood Running","9.33","550","00:44:24","--","--","--","--","--","04:45","04:16","47","58","0","0","0","0","0","0","00:00","0","00:00","No"
running,2017-11-20 15:14:00,false,"Hollywood Running","9.9","594","00:45:27","--","--","--","--","--","04:35","03:49","64","55","0","0","0","0","0","0","00:00","0","00:00","No"
running,2017-11-15 17:21:00,false,"Hollywood Running","7.56","425","00:34:43","--","--","--","--","--","04:35","04:14","56","54","0","0","0","0","0","0","00:00","0","00:00","No"
running,2017-11-15 05:49:00,false,"Westwood Running","7.12","398","00:31:59","--","--","--","--","--","04:29","03:54","48","51","0","0","0","0","0","0","00:00","0","00:00","No"
running,2017-11-10 18:18:00,false,"Hollywood Running","7.11","394","00:32:46","--","--","--","--","--","04:36","04:07","43","40","0","0","0","0","0","0","00:00","0","00:00","No"
running,2017-11-10 15:16:00,false,"Westwood Running","7.12","392","00:30:05","--","--","--","--","--","04:13","03:45","43","45","0","0","0","0","0","0","00:00","0","00:00","No"
running,2017-10-24 17:12:00,false,"Hollywood Running","4.04","180","00:16:48","--","--","--","--","--","04:09","03:42","20","19","0","0","0","0","0","0","00:00","0","00:00","No"
running,2017-10-24 06:19:00,false,"Westwood Running","6.49","351","00:30:07","--","--","--","--","--","04:38","04:02","46","49","0","0","0","0","0","0","00:00","0","00:00","No"
running,2017-10-20 18:06:00,false,"Hollywood Running","7.05","394","00:31:40","--","--","--","--","--","04:29","03:43","56","18","0","0","0","0","0","0","00:00","0","00:00","No"
running,2017-10-20 06:12:00,false,"Westwood Running","7.07","392","00:31:59","--","--","--","--","--","04:31","04:11","46","49","0","0","0","0","0","0","00:00","0","00:00","No"
running,2017-10-13 17:30:00,false,"Hollywood Running","7.22","403","00:32:40","--","--","--","--","--","04:31","02:18","40","30","0","0","0","0","0","0","00:00","0","00:00","No"
running,2017-10-13 06:18:00,false,"Westwood Running","7.1","394","00:32:36","--","--","--","--","--","04:35","04:03","47","50","0","0","0","0","0","0","00:00","0","00:00","No"
running,2017-10-08 10:01:00,false,"Westwood Running","11.88","724","00:49:12","--","--","--","--","--","04:08","03:23","40","78","0","0","0","0","0","0","00:00","0","00:00","No"
running,2017-10-04 17:36:00,false,"Hollywood Running","7.25","406","00:32:19","--","--","--","--","--","04:27","02:58","39","30","0","0","0","0","0","0","00:00","0","00:00","No"
running,2017-10-04 06:24:00,false,"Westwood Running","6.49","351","00:29:09","--","--","--","--","--","04:29","04:01","45","48","0","0","0","0","0","0","00:00","0","00:00","No"
running,2017-10-01 07:53:00,false,"Westwood Running","12.64","786","00:58:02","--","--","--","--","--","04:35","03:44","89","87","0","0","0","0","0","0","00:00","0","00:00","No"
running,2017-09-27 17:28:00,false,"Hollywood Running","7.13","399","00:30:22","--","--","--","--","--","04:15","02:56","50","48","0","0","0","0","0","0","00:00","0","00:00","No"
running,2017-09-27 06:12:00,false,"Westwood Running","7.11","396","00:31:06","--","--","--","--","--","04:22","02:55","46","49","0","0","0","0","0","0","00:00","0","00:00","No"
running,2017-09-24 07:13:00,false,"Westwood Running","9.96","597","00:45:14","--","--","--","--","--","04:32","03:49","64","60","0","0","0","0","0","0","00:00","0","00:00","No"
running,2017-09-20 16:30:00,false,"Hollywood Running","6.49","355","00:29:02","--","--","--","--","--","04:28","03:13","50","38","0","0","0","0","0","0","00:00","0","00:00","No"
running,2017-09-20 08:31:00,false,"Westwood Running","6.46","348","00:27:30","--","--","--","--","--","04:15","03:49","45","49","0","0","0","0","0","0","00:00","0","00:00","No"
running,2017-09-08 17:53:00,false,"Hollywood Running","6.87","381","00:31:19","--","--","--","--","--","04:33","03:47","56","19","0","0","0","0","0","0","00:00","0","00:00","No"
running,2017-09-08 06:17:00,false,"Westwood Running","6.48","348","00:28:53","--","--","--","--","--","04:27","03:24","48","49","0","0","0","0","0","0","00:00","0","00:00","No"
running,2017-09-03 10:00:00,false,"Longsight Half","22.57","--","01:40:14","--","--","--","--","--","04:26","03:25","145","144","0","0","0","0","0","0","00:00","0","00:00","No"
running,2017-09-01 08:14:00,false,"Westwood Running","6.19","331","00:28:25","--","--","--","--","--","04:35","04:09","29","25","0","0","0","0","0","0","00:00","0","00:00","No"
running,2017-08-29 06:23:00,false,"Westwood Running","22.57",""1"""",""477""","01:53:02"""","--","--","--","--","--","05:00","03:59","180","179","0","0","0","0","0","0","00:00","0","00:00","No"
running,2017-08-25 17:53:00,false,"Hollywood Running","7.24","403","00:31:33","--","--","--","--","--","04:21","02:38","48","35","0","0","0","0","0","0","00:00","0","00:00","No"
running,2017-08-25 06:18:00,false,"Westwood Running","7.25","404","00:32:26","--","--","--","--","--","04:28","04:00","35","48","0","0","0","0","0","0","00:00","0","00:00","No"
running,2017-08-22 11:34:00,false,"Westwood Uncategorized","9.15","--","00:42:01","--","--","--","--","--","04:35","03:17","57","60","0","0","0","0","0","0","00:00","0","00:00","No"
running,2017-08-20 09:01:00,false,"Westwood Uncategorized","16.08","--","01:14:22","--","--","--","--","--","04:37","02:50","124","123","0","0","0","0","0","0","00:00","0","00:00","No"
running,2017-08-16 17:32:00,false,"Hollywood Running","8.39","488","00:37:33","--","--","--","--","--","04:28","03:31","57","50","0","0","0","0","0","0","00:00","0","00:00","No"
running,2017-08-11 17:10:00,false,"Hollywood Uncategorized","7.19","--","00:32:03","--","--","--","--","--","04:27","03:12","49","35","0","0","0","0","0","0","00:00","0","00:00","No"
running,2017-08-11 06:06:00,false,"Westwood Uncategorized","7.21","--","00:31:54","--","--","--","--","--","04:25","03:38","38","52","0","0","0","0","0","0","00:00","0","00:00","No"
running,2017-08-07 07:43:00,false,"Westwood Uncategorized","12.05","--","00:56:08","--","--","--","--","--","04:39","02:42","72","71","0","0","0","0","0","0","00:00","0","00:00","No"
running,2017-08-04 06:30:00,false,"Longsight Uncategorized","11.48","--","01:00:56","--","--","--","--","--","05:18","03:03","119","127","0","0","0","0","0","0","00:00","0","00:00","No"
running,2017-08-02 07:31:00,false,"Longsight Running","10.07","600","00:52:17","--","--","--","--","--","05:11","04:21","98","94","0","0","0","0","0","0","00:00","0","00:00","No"
running,2017-07-31 07:21:00,false,"Longsight Running","8.55","500","00:47:14","--","--","--","--","--","05:31","04:26","93","84","0","0","0","0","0","0","00:00","0","00:00","No"
running,2017-07-27 18:16:00,false,"Hollywood Uncategorized","7.16","--","00:32:52","--","--","--","--","--","04:35","03:01","52","39","0","0","0","0","0","0","00:00","0","00:00","No"
running,2017-07-27 06:19:00,false,"Westwood Uncategorized","6.12","--","00:27:54","--","--","--","--","--","04:33","02:52","50","52","0","0","0","0","0","0","00:00","0","00:00","No"
running,2017-07-22 07:16:00,false,"Westwood Uncategorized","6.19","--","00:28:56","--","--","--","--","--","04:40","03:42","28","29","0","0","0","0","0","0","00:00","0","00:00","No"
running,2017-07-10 17:20:00,false,"Hollywood Uncategorized","7.19","--","00:32:54","--","--","--","--","--","04:34","01:30","48","35","0","0","0","0","0","0","00:00","0","00:00","No"
running,2017-07-10 06:18:00,false,"Westwood Uncategorized","7.19","--","00:32:18","--","--","--","--","--","04:29","03:37","36","48","0","0","0","0","0","0","00:00","0","00:00","No"
running,2017-07-07 14:56:00,false,"Hollywood Uncategorized","6.5","--","00:29:12","--","--","--","--","--","04:29","01:52","47","35","0","0","0","0","0","0","00:00","0","00:00","No"
running,2017-07-07 05:57:00,false,"Westwood Running","7.22","402","00:32:55","--","--","--","--","--","04:33","03:43","37","49","0","0","0","0","0","0","00:00","0","00:00","No"
running,2017-06-22 17:36:00,false,"Hollywood Uncategorized","7.2","--","00:31:59","--","--","--","--","--","04:26","02:44","49","35","0","0","0","0","0","0","00:00","0","00:00","No"
running,2017-06-22 06:15:00,false,"Westwood Uncategorized","6.73","--","00:32:01","--","--","--","--","--","04:45","03:31","48","51","0","0","0","0","0","0","00:00","0","00:00","No"
running,2017-06-16 17:35:00,false,"Hollywood Uncategorized","6.66","--","00:29:01","--","--","--","--","--","04:21","01:49","56","20","0","0","0","0","0","0","00:00","0","00:00","No"
running,2017-06-16 06:21:00,false,"Westwood Running","6.15","324","00:27:43","--","--","--","--","--","04:30","03:46","50","51","0","0","0","0","0","0","00:00","0","00:00","No"
running,2017-06-12 12:29:00,false,"Hollywood Uncategorized","7.12","--","00:31:52","--","--","--","--","--","04:28","02:37","42","38","0","0","0","0","0","0","00:00","0","00:00","No"
running,2017-06-12 06:18:00,false,"Westwood Uncategorized","7.2","--","00:32:42","--","--","--","--","--","04:32","03:30","37","51","0","0","0","0","0","0","00:00","0","00:00","No"
running,2017-06-07 17:37:00,false,"Hollywood Uncategorized","7.21","--","00:32:16","--","--","--","--","--","04:28","03:23","48","35","0","0","0","0","0","0","00:00","0","00:00","No"
running,2017-06-07 06:15:00,false,"Westwood Uncategorized","7.04","--","00:31:23","--","--","--","--","--","04:27","03:31","49","51","0","0","0","0","0","0","00:00","0","00:00","No"
running,2017-05-21 10:28:00,false,"Westwood Running","12.09","747","00:57:31","--","--","--","--","--","04:45","02:31","74","73","0","0","0","0","0","0","00:00","0","00:00","No"
running,2017-05-19 17:25:00,false,"Hollywood Running","7.15","396","00:34:08","--","--","--","--","--","04:46","02:39","52","47","0","0","0","0","0","0","00:00","0","00:00","No"
running,2017-05-19 10:12:00,false,"Westwood Running","6.49","353","00:31:06","--","--","--","--","--","04:47","04:17","44","47","0","0","0","0","0","0","00:00","0","00:00","No"
running,2017-05-18 17:40:00,false,"Hollywood Running","6.55","358","00:30:44","--","--","--","--","--","04:41","03:26","51","37","0","0","0","0","0","0","00:00","0","00:00","No"
running,2017-05-18 06:15:00,false,"Westwood Running","7.11","397","00:34:25","--","--","--","--","--","04:50","02:56","44","48","0","0","0","0","0","0","00:00","0","00:00","No"
running,2017-05-17 17:10:00,false,"Hollywood Running","7.14","403","00:33:30","--","--","--","--","--","04:41","03:29","45","43","0","0","0","0","0","0","00:00","0","00:00","No"
running,2017-05-17 06:14:00,false,"Westwood Running","6.1","323","00:31:40","--","--","--","--","--","05:11","03:22","45","49","0","0","0","0","0","0","00:00","0","00:00","No"
running,2017-05-16 16:17:00,false,"Hollywood Running","6.51","354","00:30:06","--","--","--","--","--","04:37","04:05","46","37","0","0","0","0","0","0","00:00","0","00:00","No"
running,2017-05-16 08:32:00,false,"Westwood Running","6.53","354","00:28:54","--","--","--","--","--","04:25","01:08","41","44","0","0","0","0","0","0","00:00","0","00:00","No"
running,2017-05-15 17:58:00,false,"Hollywood Running","8.43","490","00:38:09","--","--","--","--","--","04:31","03:35","57","49","0","0","0","0","0","0","00:00","0","00:00","No"
running,2017-05-15 06:19:00,false,"Westwood Running","7.25","406","00:33:24","--","--","--","--","--","04:36","03:37","44","50","0","0","0","0","0","0","00:00","0","00:00","No"
running,2017-05-12 16:58:00,false,"Hollywood Running","6.51","354","00:29:40","--","--","--","--","--","04:33","03:54","42","33","0","0","0","0","0","0","00:00","0","00:00","No"
running,2017-05-12 06:13:00,false,"Westwood Uncategorized","6.33","--","00:30:07","--","--","--","--","--","04:45","03:27","49","51","0","0","0","0","0","0","00:00","0","00:00","No"
running,2017-05-11 16:32:00,false,"Hollywood Running","7.2","405","00:32:49","--","--","--","--","--","04:33","03:41","52","40","0","0","0","0","0","0","00:00","0","00:00","No"
running,2017-05-11 08:36:00,false,"Westwood Running","7.26","405","00:32:36","--","--","--","--","--","04:29","02:00","35","47","0","0","0","0","0","0","00:00","0","00:00","No"
running,2017-05-10 15:32:00,false,"Westwood Uncategorized","11.52","--","00:51:56","--","--","--","--","--","04:30","03:21","56","72","0","0","0","0","0","0","00:00","0","00:00","No"
running,2017-05-08 18:04:00,false,"Westwood Uncategorized","9.19","--","00:41:07","--","--","--","--","--","04:28","02:39","74","51","0","0","0","0","0","0","00:00","0","00:00","No"
running,2017-05-08 18:01:00,false,"Hollywood Uncategorized","9.92","--","00:44:13","--","--","--","--","--","04:27","02:00","87","78","0","0","0","0","0","0","00:00","0","00:00","No"
running,2017-05-08 06:12:00,false,"Westwood Uncategorized","7.23","--","00:32:28","--","--","--","--","--","04:29","02:20","49","55","0","0","0","0","0","0","00:00","0","00:00","No"
running,2017-04-28 17:11:00,false,"Hollywood Uncategorized","7.55","--","00:34:10","--","--","--","--","--","04:31","01:48","71","38","0","0","0","0","0","0","00:00","0","00:00","No"
running,2017-04-28 05:53:00,false,"Westwood Uncategorized","7.05","--","00:32:15","--","--","--","--","--","04:34","03:44","48","51","0","0","0","0","0","0","00:00","0","00:00","No"
running,2017-04-23 07:16:00,false,"Westwood Uncategorized","8.87","--","00:42:57","--","--","--","--","--","04:50","03:44","60","54","0","0","0","0","0","0","00:00","0","00:00","No"
running,2017-04-18 18:32:00,false,"Hollywood Uncategorized","7.31","--","00:31:44","--","--","--","--","--","04:20","00:13","38","24","0","0","0","0","0","0","00:00","0","00:00","No"
running,2017-04-18 06:18:00,false,"Westwood Uncategorized","7.11","--","00:31:13","--","--","--","--","--","04:23","03:45","35","50","0","0","0","0","0","0","00:00","0","00:00","No"
running,2017-04-12 17:16:00,false,"Hollywood Uncategorized","7.16","--","00:31:34","--","--","--","--","--","04:24","03:00","50","37","0","0","0","0","0","0","00:00","0","00:00","No"
running,2017-04-12 06:17:00,false,"Westwood Uncategorized","7.03","--","00:30:45","--","--","--","--","--","04:22","03:23","47","51","0","0","0","0","0","0","00:00","0","00:00","No"
running,2017-04-03 06:08:00,false,"Westwood Uncategorized","7.9","--","00:36:32","--","--","--","--","--","04:37","03:35","41","37","0","0","0","0","0","0","00:00","0","00:00","No"
running,2017-03-30 09:16:00,false,"Westwood Uncategorized","3.47","--","00:15:35","--","--","--","--","--","04:29","02:34","3","32","0","0","0","0","0","0","00:00","0","00:00","No"
running,2017-03-30 08:50:00,false,"Westwood Uncategorized","3.5","--","00:15:54","--","--","--","--","--","04:32","02:45","33","2","0","0","0","0","0","0","00:00","0","00:00","No"
running,2017-03-19 09:00:00,false,"Hollywood Uncategorized","22.66","--","01:39:30","--","--","--","--","--","04:23","01:07","134","134","0","0","0","0","0","0","00:00","0","00:00","No"
running,2017-03-15 17:38:00,false,"Hollywood Uncategorized","6.58","--","00:28:27","--","--","--","--","--","04:19","03:15","48","40","0","0","0","0","0","0","00:00","0","00:00","No"
running,2017-03-15 06:12:00,false,"Westwood Uncategorized","7.03","--","00:31:06","--","--","--","--","--","04:25","03:26","47","50","0","0","0","0","0","0","00:00","0","00:00","No"
running,2017-03-11 06:53:00,false,"Westwood Uncategorized","22.52","--","01:51:17","--","--","--","--","--","04:56","03:33","167","171","0","0","0","0","0","0","00:00","0","00:00","No"
running,2017-03-09 17:27:00,false,"Hollywood Uncategorized","7.27","--","00:32:46","--","--","--","--","--","04:30","02:41","58","51","0","0","0","0","0","0","00:00","0","00:00","No"
running,2017-03-05 06:54:00,false,"Westwood Uncategorized","16.35","--","01:21:36","--","--","--","--","--","04:59","03:44","108","105","0","0","0","0","0","0","00:00","0","00:00","No"
running,2017-03-02 17:35:00,false,"Hollywood Uncategorized","7.1","--","00:31:39","--","--","--","--","--","04:27","03:15","44","41","0","0","0","0","0","0","00:00","0","00:00","No"
running,2017-03-02 06:18:00,false,"Westwood Uncategorized","7.01","--","00:32:39","--","--","--","--","--","04:39","03:45","48","51","0","0","0","0","0","0","00:00","0","00:00","No"
running,2017-02-28 16:21:00,false,"Hollywood Uncategorized","7.53","--","00:34:42","--","--","--","--","--","04:36","02:54","73","37","0","0","0","0","0","0","00:00","0","00:00","No"
running,2017-02-28 08:24:00,false,"Westwood Uncategorized","8.23","--","00:35:52","--","--","--","--","--","04:21","03:24","31","74","0","0","0","0","0","0","00:00","0","00:00","No"
running,2017-02-22 18:18:00,false,"Hollywood Uncategorized","7.71","--","00:33:36","--","--","--","--","--","04:21","00:28","63","58","0","0","0","0","0","0","00:00","0","00:00","No"
running,2017-02-22 06:48:00,false,"Westwood Uncategorized","7.03","--","00:32:03","--","--","--","--","--","04:33","03:51","48","51","0","0","0","0","0","0","00:00","0","00:00","No"
running,2017-02-20 18:39:00,false,"Hollywood Uncategorized","7.09","--","00:32:12","--","--","--","--","--","04:32","03:03","40","39","0","0","0","0","0","0","00:00","0","00:00","No"
running,2017-02-20 06:18:00,false,"Westwood Uncategorized","7.01","--","00:32:18","--","--","--","--","--","04:36","03:49","46","49","0","0","0","0","0","0","00:00","0","00:00","No"
running,2017-02-17 17:16:00,false,"Hollywood Uncategorized","8.58","--","00:41:32","--","--","--","--","--","04:50","03:17","68","70","0","0","0","0","0","0","00:00","0","00:00","No"
running,2017-02-17 06:16:00,false,"Westwood Uncategorized","7.01","--","00:32:53","--","--","--","--","--","04:41","03:55","47","49","0","0","0","0","0","0","00:00","0","00:00","No"
running,2017-02-14 12:28:00,false,"Westwood Uncategorized","12.13","--","00:55:05","--","--","--","--","--","04:32","03:42","75","74","0","0","0","0","0","0","00:00","0","00:00","No"
running,2017-02-12 07:09:00,false,"Westwood Uncategorized","10.66","--","00:54:16","--","--","--","--","--","05:05","02:37","60","52","0","0","0","0","0","0","00:00","0","00:00","No"
running,2017-02-08 17:32:00,false,"Hollywood Uncategorized","7.09","--","00:33:09","--","--","--","--","--","04:40","03:28","51","49","0","0","0","0","0","0","00:00","0","00:00","No"
running,2017-02-08 06:13:00,false,"Westwood Uncategorized","7.07","--","00:34:00","--","--","--","--","--","04:48","04:04","47","50","0","0","0","0","0","0","00:00","0","00:00","No"
running,2017-02-05 07:37:00,false,"Westwood Uncategorized","10.56","--","00:53:14","--","--","--","--","--","05:02","03:47","67","63","0","0","0","0","0","0","00:00","0","00:00","No"
running,2017-02-02 17:12:00,false,"Hollywood Uncategorized","6.66","--","00:31:35","--","--","--","--","--","04:44","03:30","40","49","0","0","0","0","0","0","00:00","0","00:00","No"
running,2017-02-02 06:17:00,false,"Westwood Uncategorized","7.01","--","00:32:46","--","--","--","--","--","04:40","03:13","47","50","0","0","0","0","0","0","00:00","0","00:00","No"
running,2016-10-09 10:02:00,false,"Westwood Uncategorized","12.01","--","00:52:20","--","--","--","--","--","04:21","02:57","38","77","0","0","0","0","0","0","00:00","0","00:00","No"
running,2016-10-05 18:51:00,false,"Westwood Uncategorized","5.62","--","00:24:18","--","--","--","--","--","04:19","03:07","35","10","0","0","0","0","0","0","00:00","0","00:00","No"
running,2016-10-05 06:21:00,false,"Westwood Uncategorized","7.03","--","00:32:17","--","--","--","--","--","04:35","03:54","48","50","0","0","0","0","0","0","00:00","0","00:00","No"
running,2016-10-01 08:08:00,false,"Westwood Uncategorized","12.04","--","00:54:29","--","--","--","--","--","04:31","03:18","68","74","0","0","0","0","0","0","00:00","0","00:00","No"
running,2016-09-25 07:39:00,false,"Westwood Uncategorized","5.11","--","00:24:09","--","--","--","--","--","04:43","02:16","39","19","0","0","0","0","0","0","00:00","0","00:00","No"
running,2016-09-21 18:02:00,false,"Hollywood Uncategorized","6.65","--","00:30:39","--","--","--","--","--","04:36","01:28","45","39","0","0","0","0","0","0","00:00","0","00:00","No"
running,2016-09-21 06:11:00,false,"Westwood Uncategorized","7.02","--","00:32:21","--","--","--","--","--","04:36","03:35","48","51","0","0","0","0","0","0","00:00","0","00:00","No"
running,2016-09-18 09:02:00,false,"Westwood Uncategorized","13.27","--","01:17:44","--","--","--","--","--","05:51","03:40","40","39","0","0","0","0","0","0","00:00","0","00:00","No"
running,2016-09-15 17:47:00,false,"Hollywood Uncategorized","7.2","--","00:33:39","--","--","--","--","--","04:40","00:21","49","35","0","0","0","0","0","0","00:00","0","00:00","No"
running,2016-09-15 06:03:00,false,"Westwood Uncategorized","7.05","--","00:31:19","--","--","--","--","--","04:26","03:31","47","51","0","0","0","0","0","0","00:00","0","00:00","No"
running,2016-09-04 10:00:00,false,"Westwood Running","22.57",""1"""",""474""","01:45:30"""","--","--","--","--","--","04:40","03:45","143","143","0","0","0","0","0","0","00:00","0","00:00","No"
running,2016-09-01 06:35:00,false,"Longsight Running","11.76","730","01:02:37","--","--","--","--","--","05:19","02:44","232","226","0","0","0","0","0","0","00:00","0","00:00","No"
running,2016-08-30 07:07:00,false,"Longsight Running","9.37","551","00:44:35","--","--","--","--","--","04:45","03:05","91","84","0","0","0","0","0","0","00:00","0","00:00","No"
running,2016-08-29 07:36:00,false,"Longsight Running","6.58","357","00:28:47","--","--","--","--","--","04:22","01:39","71","66","0","0","0","0","0","0","00:00","0","00:00","No"
running,2016-08-23 18:39:00,false,"Westwood Running","2.41","63","00:11:23","--","--","--","--","--","04:43","03:21","5","--","0","0","0","0","0","0","00:00","0","00:00","No"
running,2016-08-23 05:54:00,false,"Westwood Running","7.24","404","00:33:14","--","--","--","--","--","04:35","03:54","36","49","0","0","0","0","0","0","00:00","0","00:00","No"
running,2016-08-21 06:55:00,false,"Westwood Running","16.99",""1"""",""085""","01:23:57"""","--","--","--","--","--","04:56","00:59","108","99","0","0","0","0","0","0","00:00","0","00:00","No"
running,2016-08-14 06:36:00,false,"Westwood Running","15.62","994","01:13:32","--","--","--","--","--","04:42","03:39","97","95","0","0","0","0","0","0","00:00","0","00:00","No"
running,2016-08-09 18:16:00,false,"Hollywood Running","7.2","405","00:32:13","--","--","--","--","--","04:28","03:36","42","30","0","0","0","0","0","0","00:00","0","00:00","No"
running,2016-08-09 06:07:00,false,"Westwood Running","9.89","588","00:45:15","--","--","--","--","--","04:34","04:02","60","76","0","0","0","0","0","0","00:00","0","00:00","No"
running,2016-08-06 06:54:00,false,"Westwood Running","11.42","701","00:53:35","--","--","--","--","--","04:41","03:38","73","73","0","0","0","0","0","0","00:00","0","00:00","No"
running,2016-08-03 06:39:00,false,"Westwood Running","9.37","555","00:43:20","--","--","--","--","--","04:37","04:00","52","45","0","0","0","0","0","0","00:00","0","00:00","No"
running,2016-07-29 19:23:00,false,"Hollywood Running","7.22","405","00:32:11","--","--","--","--","--","04:27","03:18","48","34","0","0","0","0","0","0","00:00","0","00:00","No"
running,2016-07-29 06:27:00,false,"Westwood Running","7.2","420","00:33:47","--","--","--","--","--","04:41","02:41","36","50","0","0","0","0","0","0","00:00","0","00:00","No"
running,2016-07-26 05:48:00,false,"Westwood Running","9.39","580","00:44:03","--","--","--","--","--","04:41","04:01","49","44","0","0","0","0","0","0","00:00","0","00:00","No"
running,2016-07-22 16:53:00,false,"Hollywood Running","6.65","382","00:30:05","--","--","--","--","--","04:31","02:54","58","43","0","0","0","0","0","0","00:00","0","00:00","No"
running,2016-07-22 06:15:00,false,"Westwood Running","7.2","417","00:33:11","--","--","--","--","--","04:36","04:21","35","48","0","0","0","0","0","0","00:00","0","00:00","No"
running,2016-07-16 06:33:00,false,"Longsight Running","6.62","386","00:36:01","--","--","--","--","--","05:26","02:57","66","75","0","0","0","0","0","0","00:00","0","00:00","No"
running,2016-07-15 06:25:00,false,"Longsight Running","8.59","518","00:43:18","--","--","--","--","--","05:02","02:52","115","134","0","0","0","0","0","0","00:00","0","00:00","No"
running,2016-07-07 17:37:00,false,"Hollywood Running","7.17","416","00:31:29","--","--","--","--","--","04:23","03:49","41","28","0","0","0","0","0","0","00:00","0","00:00","No"
running,2016-07-07 06:16:00,false,"Westwood Running","6.51","367","00:28:48","--","--","--","--","--","04:25","04:00","46","50","0","0","0","0","0","0","00:00","0","00:00","No"
running,2016-07-02 06:16:00,false,"Westwood Running","7.04","409","00:33:30","--","--","--","--","--","04:45","03:32","47","50","0","0","0","0","0","0","00:00","0","00:00","No"
running,2016-07-01 06:07:00,false,"Westwood Running","4.34","210","00:19:51","--","--","--","--","--","04:34","04:04","32","29","0","0","0","0","0","0","00:00","0","00:00","No"
running,2016-06-23 17:35:00,false,"Westwood Running","3.61","157","00:16:20","--","--","--","--","--","04:31","03:58","--","31","0","0","0","0","0","0","00:00","0","00:00","No"
running,2016-06-23 17:17:00,false,"Hollywood Running","5.05","263","00:22:31","--","--","--","--","--","04:27","03:13","49","--","0","0","0","0","0","0","00:00","0","00:00","No"
running,2016-06-23 06:15:00,false,"Westwood Running","7.19","420","00:33:08","--","--","--","--","--","04:36","03:53","36","51","0","0","0","0","0","0","00:00","0","00:00","No"
running,2016-06-16 17:40:00,false,"Hollywood Running","7.2","422","00:31:01","--","--","--","--","--","04:18","02:42","55","51","0","0","0","0","0","0","00:00","0","00:00","No"
running,2016-06-16 06:19:00,false,"Westwood Running","7.23","423","00:33:55","--","--","--","--","--","04:41","03:55","35","43","0","0","0","0","0","0","00:00","0","00:00","No"
running,2016-06-10 17:23:00,false,"Hollywood Running","8.22","499","00:37:36","--","--","--","--","--","04:34","01:53","60","22","0","0","0","0","0","0","00:00","0","00:00","No"
running,2016-06-10 05:57:00,false,"Westwood Running","7.21","420","00:33:06","--","--","--","--","--","04:35","03:42","41","51","0","0","0","0","0","0","00:00","0","00:00","No"
running,2016-05-31 17:38:00,false,"Westwood Running","6.02","343","00:28:27","--","--","--","--","--","04:43","03:14","40","10","0","0","0","0","0","0","00:00","0","00:00","No"
running,2016-05-31 06:10:00,false,"Westwood Running","7.2","421","00:33:18","--","--","--","--","--","04:37","03:23","36","50","0","0","0","0","0","0","00:00","0","00:00","No"
running,2016-05-26 06:05:00,false,"Westwood Running","11.69","755","00:54:39","--","--","--","--","--","04:40","03:01","72","71","0","0","0","0","0","0","00:00","0","00:00","No"
running,2016-05-22 06:56:00,false,"Westwood Running","15.34",""1"""",""018""","01:12:59"""","--","--","--","--","--","04:45","03:42","96","96","0","0","0","0","0","0","00:00","0","00:00","No"
running,2016-05-19 17:29:00,false,"Hollywood Running","7.23","423","00:32:21","--","--","--","--","--","04:28","02:43","44","31","0","0","0","0","0","0","00:00","0","00:00","No"
running,2016-05-19 06:16:00,false,"Westwood Running","7.21","420","00:33:28","--","--","--","--","--","04:38","03:54","38","48","0","0","0","0","0","0","00:00","0","00:00","No"
running,2016-05-11 17:22:00,false,"Hollywood Running","6.59","378","00:30:35","--","--","--","--","--","04:38","00:56","44","16","0","0","0","0","0","0","00:00","0","00:00","No"
running,2016-05-11 06:13:00,false,"Westwood Running","4.35","207","00:20:07","--","--","--","--","--","04:37","02:50","35","34","0","0","0","0","0","0","00:00","0","00:00","No"
running,2016-05-06 17:21:00,false,"Westwood Running","7.01","412","00:32:25","--","--","--","--","--","04:37","02:29","40","20","0","0","0","0","0","0","00:00","0","00:00","No"
running,2016-05-06 05:55:00,false,"Westwood Running","7.19","421","00:33:51","--","--","--","--","--","04:42","04:03","42","51","0","0","0","0","0","0","00:00","0","00:00","No"
running,2016-04-24 09:00:00,false,"Longsight Running","43.88",""3"""",""099""","03:41:57"""","--","--","--","--","--","05:03","03:15","112","118","0","0","0","0","0","0","00:00","0","00:00","No"
running,2016-04-22 19:12:00,false,"Westwood Running","5.92","328","00:29:03","--","--","--","--","--","04:54","04:01","34","35","0","0","0","0","0","0","00:00","0","00:00","No"
running,2016-04-20 17:33:00,false,"Westwood Running","5.42","291","00:25:58","--","--","--","--","--","04:47","03:54","36","7","0","0","0","0","0","0","00:00","0","00:00","No"
running,2016-04-20 06:12:00,false,"Westwood Running","7.21","422","00:34:11","--","--","--","--","--","04:44","03:43","37","49","0","0","0","0","0","0","00:00","0","00:00","No"
running,2016-04-17 07:14:00,false,"Westwood Running","15.42",""1"""",""021""","01:16:58"""","--","--","--","--","--","04:59","03:49","99","98","0","0","0","0","0","0","00:00","0","00:00","No"
running,2016-04-16 06:58:00,false,"Westwood Running","8.22","490","00:41:18","--","--","--","--","--","05:01","04:28","60","56","0","0","0","0","0","0","00:00","0","00:00","No"
running,2016-04-14 17:14:00,false,"Hollywood Running","6.75","389","00:32:07","--","--","--","--","--","04:45","03:23","44","13","0","0","0","0","0","0","00:00","0","00:00","No"
running,2016-04-14 06:12:00,false,"Westwood Running","7.07","410","00:31:38","--","--","--","--","--","04:28","03:06","48","51","0","0","0","0","0","0","00:00","0","00:00","No"
running,2016-04-10 06:36:00,false,"Westwood Running","33.13",""2"""",""311""","02:55:51"""","--","--","--","--","--","05:18","04:17","252","253","0","0","0","0","0","0","00:00","0","00:00","No"
running,2016-04-09 06:51:00,false,"Westwood Running","12.11","777","00:59:02","--","--","--","--","--","04:52","04:07","71","70","0","0","0","0","0","0","00:00","0","00:00","No"
running,2016-04-07 16:44:00,false,"Hollywood Running","7.2","426","00:33:47","--","--","--","--","--","04:41","03:13","39","29","0","0","0","0","0","0","00:00","0","00:00","No"
running,2016-04-07 08:37:00,false,"Westwood Running","7.18","417","00:32:22","--","--","--","--","--","04:30","03:51","44","51","0","0","0","0","0","0","00:00","0","00:00","No"
running,2016-03-29 06:54:00,false,"Westwood Running","10.59","669","00:50:55","--","--","--","--","--","04:48","04:08","68","62","0","0","0","0","0","0","00:00","0","00:00","No"
running,2016-03-25 06:32:00,false,"Longsight Running","11.01","700","00:51:39","--","--","--","--","--","04:41","04:07","36","33","0","0","0","0","0","0","00:00","0","00:00","No"
running,2016-03-23 06:16:00,false,"Longsight Running","11.01","700","00:52:45","--","--","--","--","--","04:47","04:06","33","34","0","0","0","0","0","0","00:00","0","00:00","No"
running,2016-03-21 06:34:00,false,"Longsight Running","9.17","561","00:46:05","--","--","--","--","--","05:01","04:21","87","87","0","0","0","0","0","0","00:00","0","00:00","No"
running,2016-03-19 06:29:00,false,"Westwood Running","27.4",""1"""",""896""","02:25:26"""","--","--","--","--","--","05:18","04:39","153","158","0","0","0","0","0","0","00:00","0","00:00","No"
running,2016-03-16 17:13:00,false,"Hollywood Running","9.85","617","00:45:23","--","--","--","--","--","04:36","01:23","59","55","0","0","0","0","0","0","00:00","0","00:00","No"
running,2016-03-16 06:13:00,false,"Westwood Running","9.89","614","00:46:54","--","--","--","--","--","04:44","03:55","62","76","0","0","0","0","0","0","00:00","0","00:00","No"
running,2016-03-13 06:27:00,false,"Westwood Running","23.58",""1"""",""610""","02:00:27"""","--","--","--","--","--","05:06","04:18","115","131","0","0","0","0","0","0","00:00","0","00:00","No"
running,2016-03-12 06:45:00,false,"Westwood Running","5.1","263","00:24:52","--","--","--","--","--","04:52","02:57","28","27","0","0","0","0","0","0","00:00","0","00:00","No"
running,2016-03-06 06:54:00,false,"Westwood Running","30.67",""2"""",""129""","02:38:12"""","--","--","--","--","--","05:09","03:03","214","214","0","0","0","0","0","0","00:00","0","00:00","No"
running,2016-03-03 17:05:00,false,"Westwood Running","4.9","250","00:22:10","--","--","--","--","--","04:31","04:17","23","13","0","0","0","0","0","0","00:00","0","00:00","No"
running,2016-03-03 06:20:00,false,"Westwood Running","7.08","408","00:34:45","--","--","--","--","--","04:54","03:59","47","50","0","0","0","0","0","0","00:00","0","00:00","No"
running,2016-03-02 16:55:00,false,"Hollywood Running","7.15","388","00:32:28","--","--","--","--","--","04:32","00:40","51","47","0","0","0","0","0","0","00:00","0","00:00","No"
running,2016-03-02 06:19:00,false,"Westwood Running","7.09","410","00:33:51","--","--","--","--","--","04:46","04:03","46","49","0","0","0","0","0","0","00:00","0","00:00","No"
running,2016-02-28 09:02:00,false,"Hollywood Running","22.69",""1"""",""554""","01:40:24"""","--","--","--","--","--","04:25","03:02","137","135","0","0","0","0","0","0","00:00","0","00:00","No"
running,2016-02-23 17:36:00,false,"Hollywood Running","7.17","425","00:32:48","--","--","--","--","--","04:34","02:28","53","50","0","0","0","0","0","0","00:00","0","00:00","No"
running,2016-02-23 06:07:00,false,"Westwood Running","7.03","404","00:33:41","--","--","--","--","--","04:47","04:12","47","50","0","0","0","0","0","0","00:00","0","00:00","No"
running,2016-02-21 07:00:00,false,"Westwood Running","25.35",""1"""",""746""","02:09:04"""","--","--","--","--","--","05:05","04:03","178","163","0","0","0","0","0","0","00:00","0","00:00","No"
running,2016-02-20 06:57:00,false,"Westwood Running","10.61","669","00:52:26","--","--","--","--","--","04:56","03:43","68","67","0","0","0","0","0","0","00:00","0","00:00","No"
running,2016-02-18 11:29:00,false,"Westwood Running","11.9","762","00:53:39","--","--","--","--","--","04:30","03:52","80","82","0","0","0","0","0","0","00:00","0","00:00","No"
running,2016-02-14 07:28:00,false,"Westwood Running","13.98","914","01:06:59","--","--","--","--","--","04:47","04:05","101","93","0","0","0","0","0","0","00:00","0","00:00","No"
running,2016-02-13 07:15:00,false,"Westwood Running","8.08","484","00:38:51","--","--","--","--","--","04:48","03:06","37","39","0","0","0","0","0","0","00:00","0","00:00","No"
running,2016-01-31 07:28:00,false,"Westwood Running","17.57",""1"""",""173""","01:34:26"""","--","--","--","--","--","05:22","03:04","117","117","0","0","0","0","0","0","00:00","0","00:00","No"
running,2016-01-28 10:08:00,false,"Westwood Running","11.92","771","00:56:31","--","--","--","--","--","04:44","03:48","74","79","0","0","0","0","0","0","00:00","0","00:00","No"
running,2016-01-26 17:32:00,false,"Westwood Running","5.81","318","00:28:08","--","--","--","--","--","04:50","04:17","41","19","0","0","0","0","0","0","00:00","0","00:00","No"
running,2016-01-26 06:02:00,false,"Westwood Running","9.4","580","00:44:44","--","--","--","--","--","04:45","04:09","63","65","0","0","0","0","0","0","00:00","0","00:00","No"
running,2016-01-24 06:39:00,false,"Westwood Running","17.35",""1"""",""156""","01:31:48"""","--","--","--","--","--","05:17","04:18","116","115","0","0","0","0","0","0","00:00","0","00:00","No"
running,2016-01-23 06:37:00,false,"Westwood Uncategorized","10.3","--","00:53:28","--","--","--","--","--","05:11","03:47","58","60","0","0","0","0","0","0","00:00","0","00:00","No"
running,2016-01-10 07:04:00,false,"Westwood Uncategorized","14.79","--","01:17:46","--","--","--","--","--","05:15","03:12","112","110","0","0","0","0","0","0","00:00","0","00:00","No"
running,2016-01-05 17:16:00,false,"Hollywood Uncategorized","7.57","--","00:35:46","--","--","--","--","--","04:43","00:29","50","47","0","0","0","0","0","0","00:00","0","00:00","No"
running,2016-01-05 06:15:00,false,"Westwood Uncategorized","6.99","--","00:35:14","--","--","--","--","--","05:02","03:52","47","49","0","0","0","0","0","0","00:00","0","00:00","No"
running,2016-01-03 08:03:00,false,"Westwood Uncategorized","13.97","--","01:09:58","--","--","--","--","--","05:00","03:18","101","99","0","0","0","0","0","0","00:00","0","00:00","No"
running,2016-01-02 08:44:00,false,"Westwood Uncategorized","9.06","--","00:44:46","--","--","--","--","--","04:56","03:55","41","43","0","0","0","0","0","0","00:00","0","00:00","No"
running,2015-12-31 08:17:00,false,"Hollywood Uncategorized","8.36","--","00:46:53","--","--","--","--","--","05:36","04:14","57","49","0","0","0","0","0","0","00:00","0","00:00","No"
running,2015-12-31 07:41:00,false,"Westwood Uncategorized","7.13","--","00:36:32","--","--","--","--","--","05:07","03:59","40","43","0","0","0","0","0","0","00:00","0","00:00","No"
running,2015-12-29 15:31:00,false,"Westwood Uncategorized","4.46","--","00:20:51","--","--","--","--","--","04:40","03:14","16","2","0","0","0","0","0","0","00:00","0","00:00","No"
running,2015-12-19 06:42:00,false,"Westwood Uncategorized","22.6","--","01:59:58","--","--","--","--","--","05:18","01:48","150","154","0","0","0","0","0","0","00:00","0","00:00","No"
running,2015-12-17 06:05:00,false,"Westwood Uncategorized","9.33","--","00:44:42","--","--","--","--","--","04:47","03:24","64","67","0","0","0","0","0","0","00:00","0","00:00","No"
running,2015-12-13 07:17:00,false,"Westwood Uncategorized","8.1","--","00:37:19","--","--","--","--","--","04:36","02:52","37","39","0","0","0","0","0","0","00:00","0","00:00","No"
running,2015-12-06 07:15:00,false,"Westwood Uncategorized","8.06","--","00:37:25","--","--","--","--","--","04:38","03:30","37","37","0","0","0","0","0","0","00:00","0","00:00","No"
running,2015-11-23 17:21:00,false,"Hollywood Uncategorized","7.54","--","00:34:52","--","--","--","--","--","04:37","01:50","54","52","0","0","0","0","0","0","00:00","0","00:00","No"
running,2015-11-23 06:02:00,false,"Westwood Uncategorized","7.49","--","00:36:31","--","--","--","--","--","04:52","03:45","56","60","0","0","0","0","0","0","00:00","0","00:00","No"
running,2015-11-22 07:41:00,false,"Westwood Uncategorized","14.06","--","01:10:11","--","--","--","--","--","04:59","03:56","100","99","0","0","0","0","0","0","00:00","0","00:00","No"
running,2015-11-16 17:30:00,false,"Hollywood Uncategorized","6.98","--","00:32:31","--","--","--","--","--","04:39","00:29","41","45","0","0","0","0","0","0","00:00","0","00:00","No"
running,2015-11-16 05:46:00,false,"Westwood Uncategorized","8.43","--","00:40:49","--","--","--","--","--","04:50","03:54","37","55","0","0","0","0","0","0","00:00","0","00:00","No"
running,2015-11-12 17:20:00,false,"Hollywood Uncategorized","8.47","--","00:39:44","--","--","--","--","--","04:41","02:08","52","40","0","0","0","0","0","0","00:00","0","00:00","No"
running,2015-11-12 05:36:00,false,"Westwood Uncategorized","8.41","--","00:40:18","--","--","--","--","--","04:47","03:37","50","58","0","0","0","0","0","0","00:00","0","00:00","No"
running,2015-11-10 17:30:00,false,"Hollywood Uncategorized","7.15","--","00:32:57","--","--","--","--","--","04:36","02:58","50","49","0","0","0","0","0","0","00:00","0","00:00","No"
running,2015-11-10 05:59:00,false,"Westwood Uncategorized","7","--","00:34:07","--","--","--","--","--","04:52","03:03","45","49","0","0","0","0","0","0","00:00","0","00:00","No"
running,2015-11-07 14:32:00,false,"Westwood Uncategorized","11.25","--","00:57:05","--","--","--","--","--","05:04","02:01","61","54","0","0","0","0","0","0","00:00","0","00:00","No"
running,2015-10-31 06:35:00,false,"Westwood Uncategorized","11.92","--","01:02:05","--","--","--","--","--","05:12","03:40","78","83","0","0","0","0","0","0","00:00","0","00:00","No"
running,2015-10-28 17:21:00,false,"Hollywood Uncategorized","7.01","--","00:33:14","--","--","--","--","--","04:44","02:33","49","47","0","0","0","0","0","0","00:00","0","00:00","No"
running,2015-10-28 06:10:00,false,"Westwood Uncategorized","7.04","--","00:33:37","--","--","--","--","--","04:46","03:51","47","50","0","0","0","0","0","0","00:00","0","00:00","No"
running,2015-10-27 12:00:00,false,"Westwood Uncategorized","11.5","--","00:53:11","--","--","--","--","--","04:37","02:18","71","70","0","0","0","0","0","0","00:00","0","00:00","No"
running,2015-10-24 06:29:00,false,"Westwood Uncategorized","13.09","--","01:06:26","--","--","--","--","--","05:04","03:45","56","65","0","0","0","0","0","0","00:00","0","00:00","No"
running,2015-10-18 06:22:00,false,"Westwood Uncategorized","8.76","--","00:42:16","--","--","--","--","--","04:49","02:26","41","47","0","0","0","0","0","0","00:00","0","00:00","No"
running,2015-10-15 06:27:00,false,"Westwood Uncategorized","13.46","--","01:07:51","--","--","--","--","--","05:02","03:45","53","55","0","0","0","0","0","0","00:00","0","00:00","No"
running,2015-10-09 06:16:00,false,"Westwood Uncategorized","11.61","--","00:56:36","--","--","--","--","--","04:52","03:48","49","54","0","0","0","0","0","0","00:00","0","00:00","No"
running,2015-10-03 07:42:00,false,"Westwood Uncategorized","11.52","--","00:54:03","--","--","--","--","--","04:41","03:11","68","67","0","0","0","0","0","0","00:00","0","00:00","No"
running,2015-10-01 06:37:00,false,"Hollywood Uncategorized","11.55","--","00:55:09","--","--","--","--","--","04:46","02:39","23","24","0","0","0","0","0","0","00:00","0","00:00","No"
running,2015-09-30 06:43:00,false,"Hollywood Uncategorized","8.89","--","00:44:22","--","--","--","--","--","04:59","03:24","--","--","0","0","0","0","0","0","00:00","0","00:00","No"
running,2015-09-29 06:36:00,false,"Hollywood Uncategorized","6.8","--","00:33:09","--","--","--","--","--","04:52","03:17","3","1","0","0","0","0","0","0","00:00","0","00:00","No"
running,2015-09-28 06:58:00,false,"Hollywood Uncategorized","5.16","--","00:25:56","--","--","--","--","--","05:01","03:47","12","9","0","0","0","0","0","0","00:00","0","00:00","No"
running,2015-09-19 07:12:00,false,"Westwood Uncategorized","4.53","--","00:19:35","--","--","--","--","--","04:19","03:17","14","15","0","0","0","0","0","0","00:00","0","00:00","No"
running,2015-08-31 15:31:00,false,"Westwood Uncategorized","3.89","--","00:23:38","--","--","--","--","--","06:04","03:30","14","29","0","0","0","0","0","0","00:00","0","00:00","No"
running,2015-08-16 10:33:00,false,"Westwood Uncategorized","4.3","--","00:20:53","--","--","--","--","--","04:51","02:39","14","17","0","0","0","0","0","0","00:00","0","00:00","No"
running,2015-07-27 19:43:00,false,"Westwood Uncategorized","6.19","--","00:27:42","--","--","--","--","--","04:28","03:37","23","24","0","0","0","0","0","0","00:00","0","00:00","No"
running,2015-07-25 07:34:00,false,"Westwood Uncategorized","6.19","--","00:29:27","--","--","--","--","--","04:45","03:41","21","23","0","0","0","0","0","0","00:00","0","00:00","No"
